<?xml version="1.0" encoding="iso-8859-1"?>
<module name="Ft.Lib.DistExt.InstallConfig">
  <modification-date>2006-08-12 09:56:24</modification-date>
  <abstract>distutils command for installing the configuration file.</abstract>
  <description>Copyright 2006 Fourthought, Inc. (USA).
Detailed license and copyright information: http://4suite.org/COPYRIGHT
Project home, documentation, distributions: http://4suite.org/</description>
  <classes>
    <class name="InstallConfig" public="yes">
      <bases>
        <base documented="no" class="Command" module="distutils.cmd"/>
      </bases>
      <abstract/>
      <description/>
      <method-resolution-order>
        <base name="InstallConfig" module="Ft.Lib.DistExt.InstallConfig"/>
        <base name="Command" module="distutils.cmd"/>
      </method-resolution-order>
      <methods name="Command" module="distutils.cmd">
        <method public="yes" name="finalize_options" id="InstallConfig-finalize_options">
          <abstract/>
          <description/>
          <arguments>
            <arg name="self"/>
          </arguments>
          <overrides documented="no" class="Command" module="distutils.cmd"/>
        </method>
        <method public="yes" name="get_outputs" id="InstallConfig-get_outputs">
          <abstract/>
          <description/>
          <arguments>
            <arg name="self"/>
          </arguments>
        </method>
        <method public="yes" name="get_source_files" id="InstallConfig-get_source_files">
          <abstract/>
          <description/>
          <arguments>
            <arg name="self"/>
          </arguments>
        </method>
        <method public="yes" name="initialize_options" id="InstallConfig-initialize_options">
          <abstract/>
          <description/>
          <arguments>
            <arg name="self"/>
          </arguments>
          <overrides documented="no" class="Command" module="distutils.cmd"/>
        </method>
        <method public="yes" name="run" id="InstallConfig-run">
          <abstract/>
          <description/>
          <arguments>
            <arg name="self"/>
          </arguments>
          <overrides documented="no" class="Command" module="distutils.cmd"/>
        </method>
        <method public="yes" name="write_config_module" id="InstallConfig-write_config_module">
          <abstract>Write the configuration variables to a file object.</abstract>
          <description/>
          <arguments>
            <arg name="self"/>
            <arg name="file"/>
            <arg name="install_config"/>
          </arguments>
        </method>
      </methods>
      <members name="Command" module="distutils.cmd">
        <member public="yes" name="command_name" id="InstallConfig-command_name">
          <value>'install_config'</value>
        </member>
        <member public="yes" name="description" id="InstallConfig-description">
          <value>'install configuration file'</value>
        </member>
        <member public="yes" name="user_options" id="InstallConfig-user_options">
          <value>[('install-dir=', 'd', 'directory to install to')]</value>
        </member>
      </members>
      <inherited-methods documented="no" class="Command" module="distutils.cmd">
        <member-reference name="__getattr__" public="no"/>
        <member-reference name="__init__" public="no"/>
        <member-reference name="announce" public="yes"/>
        <member-reference name="copy_file" public="yes"/>
        <member-reference name="copy_tree" public="yes"/>
        <member-reference name="debug_print" public="yes"/>
        <member-reference name="dump_options" public="yes"/>
        <member-reference name="ensure_dirname" public="yes"/>
        <member-reference name="ensure_filename" public="yes"/>
        <member-reference name="ensure_finalized" public="yes"/>
        <member-reference name="ensure_string" public="yes"/>
        <member-reference name="ensure_string_list" public="yes"/>
        <member-reference name="execute" public="yes"/>
        <member-reference name="get_command_name" public="yes"/>
        <member-reference name="get_finalized_command" public="yes"/>
        <member-reference name="get_sub_commands" public="yes"/>
        <member-reference name="make_archive" public="yes"/>
        <member-reference name="make_file" public="yes"/>
        <member-reference name="mkpath" public="yes"/>
        <member-reference name="move_file" public="yes"/>
        <member-reference name="reinitialize_command" public="yes"/>
        <member-reference name="run_command" public="yes"/>
        <member-reference name="set_undefined_options" public="yes"/>
        <member-reference name="spawn" public="yes"/>
        <member-reference name="warn" public="yes"/>
      </inherited-methods>
      <inherited-members documented="no" class="Command" module="distutils.cmd">
        <member-reference name="sub_commands" public="yes"/>
      </inherited-members>
    </class>
  </classes>
  <globals>
    <global public="yes" name="CONFIG_KEYS" id="CONFIG_KEYS">
      <value>('resourcebundle', 'pythonlibdir', 'bindir', 'datadir', 'sysconfdir', 'localstatedir', 'libdir', 'localedir')</value>
    </global>
    <global public="yes" name="CONFIG_MAPPING" id="CONFIG_MAPPING">
      <value>{'bindir': 'scripts', 'datadir': 'data', 'libdir': 'devel', 'localedir': 'l10n', 'localstatedir': 'localstate', 'pythonlibdir': 'lib', 'sysconfdir': 'sysconf'}</value>
    </global>
    <global public="yes" name="CONFIG_STUB" id="CONFIG_STUB">
      <value>'# Configuration variables\n%(metadata)s\n\nimport s...ation directories\n    %(install_config)s\ndel sys\n'</value>
    </global>
    <global public="yes" name="METADATA_KEYS" id="METADATA_KEYS">
      <value>('name', 'version', 'fullname', 'url')</value>
    </global>
  </globals>
</module>
