<?xml version="1.0" encoding="iso-8859-1"?>
<module name="Ft.Lib.boolean">
  <modification-date>2006-12-16 15:51:25</modification-date>
  <abstract/>
  <description/>
  <functions>
    <function public="yes" name="bool" id="bool">
      <abstract>bool(x) -&gt; bool</abstract>
      <description>Returns True when the argument x is true, False otherwise.</description>
      <arguments>
        <unknown>x</unknown>
      </arguments>
    </function>
  </functions>
  <globals>
    <global public="yes" name="false" id="false">
      <value>false</value>
    </global>
    <global public="yes" name="true" id="true">
      <value>true</value>
    </global>
  </globals>
</module>
