<?xml version="1.0" encoding="iso-8859-1"?>
<module name="Ft.Lib.DistExt.BDistRpm">
  <modification-date>2006-08-17 13:09:38</modification-date>
  <abstract/>
  <description/>
  <classes>
    <class name="BDistRpm" public="yes">
      <bases>
        <base documented="no" class="bdist_rpm" module="distutils.command.bdist_rpm"/>
      </bases>
      <abstract/>
      <description/>
      <method-resolution-order>
        <base name="BDistRpm" module="Ft.Lib.DistExt.BDistRpm"/>
        <base name="bdist_rpm" module="distutils.command.bdist_rpm"/>
        <base name="Command" module="distutils.cmd"/>
      </method-resolution-order>
      <methods name="Command" module="distutils.cmd">
        <method public="yes" name="finalize_options" id="BDistRpm-finalize_options">
          <abstract/>
          <description/>
          <arguments>
            <arg name="self"/>
          </arguments>
          <overrides documented="no" class="bdist_rpm" module="distutils.command.bdist_rpm"/>
        </method>
        <method public="yes" name="finalize_package_data" id="BDistRpm-finalize_package_data">
          <abstract/>
          <description/>
          <arguments>
            <arg name="self"/>
          </arguments>
          <overrides documented="no" class="bdist_rpm" module="distutils.command.bdist_rpm"/>
        </method>
        <method public="yes" name="initialize_options" id="BDistRpm-initialize_options">
          <abstract/>
          <description/>
          <arguments>
            <arg name="self"/>
          </arguments>
          <overrides documented="no" class="bdist_rpm" module="distutils.command.bdist_rpm"/>
        </method>
        <method public="yes" name="run" id="BDistRpm-run">
          <abstract/>
          <description/>
          <arguments>
            <arg name="self"/>
          </arguments>
          <overrides documented="no" class="bdist_rpm" module="distutils.command.bdist_rpm"/>
        </method>
      </methods>
      <members name="Command" module="distutils.cmd">
        <member public="yes" name="command_name" id="BDistRpm-command_name">
          <value>'bdist_rpm'</value>
        </member>
        <member public="yes" name="opt" id="BDistRpm-opt">
          <value>('force-arch=', None, 'Force an architecture onto the RPM build process')</value>
        </member>
        <member public="yes" name="user_options" id="BDistRpm-user_options">
          <value>[('bdist-base=', None, 'base directory for creating built distributions'), ('rpm-base=', None, 'base directory for creating RPMs (defaults to &quot;rpm&quot; under --bdist-base; must be specified for RPM 2)'), ('dist-dir=', 'd', 'directory to put final RPM files in (and .spec files if --spec-only)'), ('python=', None, 'path to Python interpreter to hard-code in the .spec file (default: &quot;python&quot;)'), ('fix-python', None, 'hard-code the exact path to the current Python interpreter in the .spec file'), ('spec-only', None, 'only regenerate spec file'), ('source-only', None, 'only generate source RPM'), ('binary-only', None, 'only generate binary RPM'), ('use-bzip2', None, 'use bzip2 instead of gzip to create source distribution'), ('distribution-name=', None, 'name of the (Linux) distribution to which this R...lies (*not* the name of the module distribution!)'), ('group=', None, 'package classification [default: &quot;Development/Libraries&quot;]'), ('release=', None, 'RPM release number'), ('serial=', None, 'RPM serial number'), ('vendor=', None, 'RPM &quot;vendor&quot; (eg. &quot;Joe Blow &lt;joe@example.com&gt;&quot;) [default: maintainer or author from setup script]'), ('packager=', None, 'RPM packager (eg. &quot;Jane Doe &lt;jane@example.net&gt;&quot;)[default: vendor]'), ('patch-files=', None, 'list of patches (space or comma-separated)'), ('doc-files=', None, 'list of documentation files (space or comma-separated)'), ('changelog=', None, 'RPM changelog'), ('icon=', None, 'name of icon file'), ('provides=', None, 'capabilities provided by this package'), ...]</value>
        </member>
      </members>
      <inherited-members documented="no" class="bdist_rpm" module="distutils.command.bdist_rpm">
        <member-reference name="boolean_options" public="yes"/>
        <member-reference name="description" public="yes"/>
        <member-reference name="negative_opt" public="yes"/>
      </inherited-members>
      <inherited-methods documented="no" class="Command" module="distutils.cmd">
        <member-reference name="__getattr__" public="no"/>
        <member-reference name="__init__" public="no"/>
        <member-reference name="announce" public="yes"/>
        <member-reference name="copy_file" public="yes"/>
        <member-reference name="copy_tree" public="yes"/>
        <member-reference name="debug_print" public="yes"/>
        <member-reference name="dump_options" public="yes"/>
        <member-reference name="ensure_dirname" public="yes"/>
        <member-reference name="ensure_filename" public="yes"/>
        <member-reference name="ensure_finalized" public="yes"/>
        <member-reference name="ensure_string" public="yes"/>
        <member-reference name="ensure_string_list" public="yes"/>
        <member-reference name="execute" public="yes"/>
        <member-reference name="get_command_name" public="yes"/>
        <member-reference name="get_finalized_command" public="yes"/>
        <member-reference name="get_sub_commands" public="yes"/>
        <member-reference name="make_archive" public="yes"/>
        <member-reference name="make_file" public="yes"/>
        <member-reference name="mkpath" public="yes"/>
        <member-reference name="move_file" public="yes"/>
        <member-reference name="reinitialize_command" public="yes"/>
        <member-reference name="run_command" public="yes"/>
        <member-reference name="set_undefined_options" public="yes"/>
        <member-reference name="spawn" public="yes"/>
        <member-reference name="warn" public="yes"/>
      </inherited-methods>
      <inherited-members documented="no" class="Command" module="distutils.cmd">
        <member-reference name="sub_commands" public="yes"/>
      </inherited-members>
    </class>
  </classes>
  <globals>
    <global public="yes" name="DEBUG" id="DEBUG">
      <value>None</value>
    </global>
  </globals>
</module>
