<?xml version="1.0" encoding="iso-8859-1"?>
<module name="Ft.Lib.DistExt.BuildL10n">
  <modification-date>2006-08-17 13:09:39</modification-date>
  <abstract/>
  <description/>
  <classes>
    <class name="BuildL10n" public="yes">
      <bases>
        <base documented="no" class="Command" module="distutils.cmd"/>
      </bases>
      <abstract/>
      <description/>
      <method-resolution-order>
        <base name="BuildL10n" module="Ft.Lib.DistExt.BuildL10n"/>
        <base name="Command" module="distutils.cmd"/>
      </method-resolution-order>
      <methods name="Command" module="distutils.cmd">
        <method public="yes" name="finalize_options" id="BuildL10n-finalize_options">
          <abstract/>
          <description/>
          <arguments>
            <arg name="self"/>
          </arguments>
          <overrides documented="no" class="Command" module="distutils.cmd"/>
        </method>
        <method public="yes" name="get_outputs" id="BuildL10n-get_outputs">
          <abstract/>
          <description/>
          <arguments>
            <arg name="self"/>
          </arguments>
        </method>
        <method public="yes" name="get_source_files" id="BuildL10n-get_source_files">
          <abstract/>
          <description/>
          <arguments>
            <arg name="self"/>
          </arguments>
        </method>
        <method public="yes" name="initialize_options" id="BuildL10n-initialize_options">
          <abstract/>
          <description/>
          <arguments>
            <arg name="self"/>
          </arguments>
          <overrides documented="no" class="Command" module="distutils.cmd"/>
        </method>
        <method public="yes" name="run" id="BuildL10n-run">
          <abstract/>
          <description/>
          <arguments>
            <arg name="self"/>
          </arguments>
          <overrides documented="no" class="Command" module="distutils.cmd"/>
        </method>
      </methods>
      <members name="Command" module="distutils.cmd">
        <member public="yes" name="command_name" id="BuildL10n-command_name">
          <value>'build_l10n'</value>
        </member>
        <member public="yes" name="description" id="BuildL10n-description">
          <value>'compile message catalog to binary format'</value>
        </member>
        <member public="yes" name="user_options" id="BuildL10n-user_options">
          <value>[('build-dir=', 'd', 'directory to &quot;build&quot; (copy) to'), ('force', 'f', 'forcibly build everything (ignore file timestamps')]</value>
        </member>
      </members>
      <inherited-methods documented="no" class="Command" module="distutils.cmd">
        <member-reference name="__getattr__" public="no"/>
        <member-reference name="__init__" public="no"/>
        <member-reference name="announce" public="yes"/>
        <member-reference name="copy_file" public="yes"/>
        <member-reference name="copy_tree" public="yes"/>
        <member-reference name="debug_print" public="yes"/>
        <member-reference name="dump_options" public="yes"/>
        <member-reference name="ensure_dirname" public="yes"/>
        <member-reference name="ensure_filename" public="yes"/>
        <member-reference name="ensure_finalized" public="yes"/>
        <member-reference name="ensure_string" public="yes"/>
        <member-reference name="ensure_string_list" public="yes"/>
        <member-reference name="execute" public="yes"/>
        <member-reference name="get_command_name" public="yes"/>
        <member-reference name="get_finalized_command" public="yes"/>
        <member-reference name="get_sub_commands" public="yes"/>
        <member-reference name="make_archive" public="yes"/>
        <member-reference name="make_file" public="yes"/>
        <member-reference name="mkpath" public="yes"/>
        <member-reference name="move_file" public="yes"/>
        <member-reference name="reinitialize_command" public="yes"/>
        <member-reference name="run_command" public="yes"/>
        <member-reference name="set_undefined_options" public="yes"/>
        <member-reference name="spawn" public="yes"/>
        <member-reference name="warn" public="yes"/>
      </inherited-methods>
      <inherited-members documented="no" class="Command" module="distutils.cmd">
        <member-reference name="sub_commands" public="yes"/>
      </inherited-members>
    </class>
    <class name="MsgFmt" public="yes">
      <abstract/>
      <description/>
      <method-resolution-order>
        <base name="MsgFmt" module="Ft.Lib.DistExt.BuildL10n"/>
      </method-resolution-order>
      <methods name="MsgFmt" module="Ft.Lib.DistExt.BuildL10n">
        <method public="no" name="__init__" id="MsgFmt-__init__">
          <abstract/>
          <description/>
          <arguments>
            <arg name="self"/>
          </arguments>
        </method>
        <method public="yes" name="add" id="MsgFmt-add">
          <abstract>Add a non-fuzzy translation to the dictionary.</abstract>
          <description/>
          <arguments>
            <arg name="self"/>
            <arg name="id"/>
            <arg name="str"/>
            <arg name="fuzzy"/>
          </arguments>
        </method>
        <method public="yes" name="generate" id="MsgFmt-generate">
          <abstract>Return the generated output.</abstract>
          <description/>
          <arguments>
            <arg name="self"/>
            <arg name="fp"/>
          </arguments>
        </method>
        <method public="yes" name="parse" id="MsgFmt-parse">
          <abstract/>
          <description/>
          <arguments>
            <arg name="self"/>
            <arg name="pofile"/>
          </arguments>
        </method>
      </methods>
    </class>
  </classes>
</module>
