<?xml version="1.0" encoding="iso-8859-1"?>
<module name="Ft.Lib.DistExt.InstallLocalState">
  <modification-date>2006-04-28 13:54:42</modification-date>
  <abstract/>
  <description/>
  <classes>
    <class name="InstallLocalState" public="yes">
      <bases>
        <base documented="yes" class="InstallMisc" module="Ft.Lib.DistExt.InstallMisc"/>
      </bases>
      <abstract/>
      <description/>
      <method-resolution-order>
        <base name="InstallLocalState" module="Ft.Lib.DistExt.InstallLocalState"/>
        <base name="InstallMisc" module="Ft.Lib.DistExt.InstallMisc"/>
        <base name="Command" module="distutils.cmd"/>
      </method-resolution-order>
      <members name="Command" module="distutils.cmd">
        <member public="yes" name="command_name" id="InstallLocalState-command_name">
          <value>'install_localstate'</value>
        </member>
        <member public="yes" name="description" id="InstallLocalState-description">
          <value>'install modifiable host-specific data'</value>
        </member>
      </members>
      <inherited-methods documented="yes" class="InstallMisc" module="Ft.Lib.DistExt.InstallMisc">
        <member-reference name="finalize_options" public="yes"/>
        <member-reference name="get_filelist_outputs" public="yes"/>
        <member-reference name="get_filelists" public="yes"/>
        <member-reference name="get_inputs" public="yes"/>
        <member-reference name="get_outputs" public="yes"/>
        <member-reference name="get_source_files" public="yes"/>
        <member-reference name="initialize_options" public="yes"/>
        <member-reference name="process_filelist" public="yes"/>
        <member-reference name="run" public="yes"/>
      </inherited-methods>
      <inherited-members documented="yes" class="InstallMisc" module="Ft.Lib.DistExt.InstallMisc">
        <member-reference name="user_options" public="yes"/>
      </inherited-members>
      <inherited-methods documented="no" class="Command" module="distutils.cmd">
        <member-reference name="__getattr__" public="no"/>
        <member-reference name="__init__" public="no"/>
        <member-reference name="announce" public="yes"/>
        <member-reference name="copy_file" public="yes"/>
        <member-reference name="copy_tree" public="yes"/>
        <member-reference name="debug_print" public="yes"/>
        <member-reference name="dump_options" public="yes"/>
        <member-reference name="ensure_dirname" public="yes"/>
        <member-reference name="ensure_filename" public="yes"/>
        <member-reference name="ensure_finalized" public="yes"/>
        <member-reference name="ensure_string" public="yes"/>
        <member-reference name="ensure_string_list" public="yes"/>
        <member-reference name="execute" public="yes"/>
        <member-reference name="get_command_name" public="yes"/>
        <member-reference name="get_finalized_command" public="yes"/>
        <member-reference name="get_sub_commands" public="yes"/>
        <member-reference name="make_archive" public="yes"/>
        <member-reference name="make_file" public="yes"/>
        <member-reference name="mkpath" public="yes"/>
        <member-reference name="move_file" public="yes"/>
        <member-reference name="reinitialize_command" public="yes"/>
        <member-reference name="run_command" public="yes"/>
        <member-reference name="set_undefined_options" public="yes"/>
        <member-reference name="spawn" public="yes"/>
        <member-reference name="warn" public="yes"/>
      </inherited-methods>
      <inherited-members documented="no" class="Command" module="distutils.cmd">
        <member-reference name="sub_commands" public="yes"/>
      </inherited-members>
    </class>
  </classes>
</module>
