<?xml version="1.0" encoding="iso-8859-1"?>
<module name="Ft.Lib.DistExt.GenerateBisonGen">
  <modification-date>2006-04-28 13:54:42</modification-date>
  <abstract/>
  <description/>
  <classes>
    <class name="GenerateBisonGen" public="yes">
      <bases>
        <base documented="no" class="Command" module="distutils.cmd"/>
      </bases>
      <abstract/>
      <description/>
      <method-resolution-order>
        <base name="GenerateBisonGen" module="Ft.Lib.DistExt.GenerateBisonGen"/>
        <base name="Command" module="distutils.cmd"/>
      </method-resolution-order>
      <methods name="Command" module="distutils.cmd">
        <method public="yes" name="finalize_options" id="GenerateBisonGen-finalize_options">
          <abstract/>
          <description/>
          <arguments>
            <arg name="self"/>
          </arguments>
          <overrides documented="no" class="Command" module="distutils.cmd"/>
        </method>
        <method public="yes" name="get_outputs" id="GenerateBisonGen-get_outputs">
          <abstract/>
          <description/>
          <arguments>
            <arg name="self"/>
          </arguments>
        </method>
        <method public="yes" name="get_source_files" id="GenerateBisonGen-get_source_files">
          <abstract/>
          <description/>
          <arguments>
            <arg name="self"/>
          </arguments>
        </method>
        <method public="yes" name="initialize_options" id="GenerateBisonGen-initialize_options">
          <abstract/>
          <description/>
          <arguments>
            <arg name="self"/>
          </arguments>
          <overrides documented="no" class="Command" module="distutils.cmd"/>
        </method>
        <method public="yes" name="run" id="GenerateBisonGen-run">
          <abstract/>
          <description/>
          <arguments>
            <arg name="self"/>
          </arguments>
          <overrides documented="no" class="Command" module="distutils.cmd"/>
        </method>
      </methods>
      <members name="Command" module="distutils.cmd">
        <member public="yes" name="boolean_options" id="GenerateBisonGen-boolean_options">
          <value>['force']</value>
        </member>
        <member public="yes" name="command_name" id="GenerateBisonGen-command_name">
          <value>'generate_bgen'</value>
        </member>
        <member public="yes" name="description" id="GenerateBisonGen-description">
          <value>'regenerate BisonGen parsers'</value>
        </member>
        <member public="yes" name="user_options" id="GenerateBisonGen-user_options">
          <value>[('force', 'f', 'force rebuild (ignore timestamps)')]</value>
        </member>
      </members>
      <inherited-methods documented="no" class="Command" module="distutils.cmd">
        <member-reference name="__getattr__" public="no"/>
        <member-reference name="__init__" public="no"/>
        <member-reference name="announce" public="yes"/>
        <member-reference name="copy_file" public="yes"/>
        <member-reference name="copy_tree" public="yes"/>
        <member-reference name="debug_print" public="yes"/>
        <member-reference name="dump_options" public="yes"/>
        <member-reference name="ensure_dirname" public="yes"/>
        <member-reference name="ensure_filename" public="yes"/>
        <member-reference name="ensure_finalized" public="yes"/>
        <member-reference name="ensure_string" public="yes"/>
        <member-reference name="ensure_string_list" public="yes"/>
        <member-reference name="execute" public="yes"/>
        <member-reference name="get_command_name" public="yes"/>
        <member-reference name="get_finalized_command" public="yes"/>
        <member-reference name="get_sub_commands" public="yes"/>
        <member-reference name="make_archive" public="yes"/>
        <member-reference name="make_file" public="yes"/>
        <member-reference name="mkpath" public="yes"/>
        <member-reference name="move_file" public="yes"/>
        <member-reference name="reinitialize_command" public="yes"/>
        <member-reference name="run_command" public="yes"/>
        <member-reference name="set_undefined_options" public="yes"/>
        <member-reference name="spawn" public="yes"/>
        <member-reference name="warn" public="yes"/>
      </inherited-methods>
      <inherited-members documented="no" class="Command" module="distutils.cmd">
        <member-reference name="sub_commands" public="yes"/>
      </inherited-members>
    </class>
  </classes>
  <globals>
    <global public="yes" name="MINIMUM_VERSION" id="MINIMUM_VERSION">
      <value>StrictVersion ('0.8b2')</value>
    </global>
  </globals>
</module>
