<?xml version="1.0" encoding="iso-8859-1"?>
<module name="Ft.Lib.DistExt.BuildPy">
  <modification-date>2006-08-17 13:09:39</modification-date>
  <abstract/>
  <description/>
  <classes>
    <class name="BuildPy" public="yes">
      <bases>
        <base documented="no" class="build_py" module="distutils.command.build_py"/>
      </bases>
      <abstract/>
      <description/>
      <method-resolution-order>
        <base name="BuildPy" module="Ft.Lib.DistExt.BuildPy"/>
        <base name="build_py" module="distutils.command.build_py"/>
        <base name="Command" module="distutils.cmd"/>
      </method-resolution-order>
      <methods name="Command" module="distutils.cmd">
        <method public="yes" name="copy_file" id="BuildPy-copy_file">
          <abstract>Overridden to validate Python sources before copying them.</abstract>
          <description/>
          <arguments>
            <arg name="self"/>
            <arg name="src"/>
            <arg name="dest"/>
            <var-args name="args"/>
            <var-keywords name="kwds"/>
          </arguments>
          <overrides documented="no" class="build_py" module="distutils.command.build_py"/>
        </method>
        <method public="yes" name="get_source_files" id="BuildPy-get_source_files">
          <abstract/>
          <description/>
          <arguments>
            <arg name="self"/>
          </arguments>
          <overrides documented="no" class="build_py" module="distutils.command.build_py"/>
        </method>
      </methods>
      <members name="Command" module="distutils.cmd">
        <member public="yes" name="command_name" id="BuildPy-command_name">
          <value>'build_py'</value>
        </member>
      </members>
      <inherited-methods documented="no" class="build_py" module="distutils.command.build_py">
        <member-reference name="build_module" public="yes"/>
        <member-reference name="build_modules" public="yes"/>
        <member-reference name="build_package_data" public="yes"/>
        <member-reference name="build_packages" public="yes"/>
        <member-reference name="byte_compile" public="yes"/>
        <member-reference name="check_module" public="yes"/>
        <member-reference name="check_package" public="yes"/>
        <member-reference name="finalize_options" public="yes"/>
        <member-reference name="find_all_modules" public="yes"/>
        <member-reference name="find_data_files" public="yes"/>
        <member-reference name="find_modules" public="yes"/>
        <member-reference name="find_package_modules" public="yes"/>
        <member-reference name="get_data_files" public="yes"/>
        <member-reference name="get_module_outfile" public="yes"/>
        <member-reference name="get_outputs" public="yes"/>
        <member-reference name="get_package_dir" public="yes"/>
        <member-reference name="initialize_options" public="yes"/>
        <member-reference name="run" public="yes"/>
      </inherited-methods>
      <inherited-members documented="no" class="build_py" module="distutils.command.build_py">
        <member-reference name="boolean_options" public="yes"/>
        <member-reference name="description" public="yes"/>
        <member-reference name="negative_opt" public="yes"/>
        <member-reference name="user_options" public="yes"/>
      </inherited-members>
      <inherited-methods documented="no" class="Command" module="distutils.cmd">
        <member-reference name="__getattr__" public="no"/>
        <member-reference name="__init__" public="no"/>
        <member-reference name="announce" public="yes"/>
        <member-reference name="copy_tree" public="yes"/>
        <member-reference name="debug_print" public="yes"/>
        <member-reference name="dump_options" public="yes"/>
        <member-reference name="ensure_dirname" public="yes"/>
        <member-reference name="ensure_filename" public="yes"/>
        <member-reference name="ensure_finalized" public="yes"/>
        <member-reference name="ensure_string" public="yes"/>
        <member-reference name="ensure_string_list" public="yes"/>
        <member-reference name="execute" public="yes"/>
        <member-reference name="get_command_name" public="yes"/>
        <member-reference name="get_finalized_command" public="yes"/>
        <member-reference name="get_sub_commands" public="yes"/>
        <member-reference name="make_archive" public="yes"/>
        <member-reference name="make_file" public="yes"/>
        <member-reference name="mkpath" public="yes"/>
        <member-reference name="move_file" public="yes"/>
        <member-reference name="reinitialize_command" public="yes"/>
        <member-reference name="run_command" public="yes"/>
        <member-reference name="set_undefined_options" public="yes"/>
        <member-reference name="spawn" public="yes"/>
        <member-reference name="warn" public="yes"/>
      </inherited-methods>
      <inherited-members documented="no" class="Command" module="distutils.cmd">
        <member-reference name="sub_commands" public="yes"/>
      </inherited-members>
    </class>
  </classes>
</module>
