<?xml version="1.0" encoding="iso-8859-1"?>
<module name="Ft.Xml.Xslt.ParamElement">
  <modification-date>2005-04-18 16:47:00</modification-date>
  <abstract>Implementation of the XSLT Spec param stylesheet element.
WWW: http://4suite.org/4XSLT        e-mail: support@4suite.org</abstract>
  <description>Copyright (c) 1999-2001 Fourthought Inc, USA.   All Rights Reserved.
See  http://4suite.org/COPYRIGHT  for license and copyright information</description>
  <classes>
    <class name="ParamElement" public="yes">
      <bases>
        <base documented="yes" class="GenericVariableElement" module="Ft.Xml.Xslt.GenericVariable"/>
      </bases>
      <abstract/>
      <description/>
      <method-resolution-order>
        <base name="ParamElement" module="Ft.Xml.Xslt.ParamElement"/>
        <base name="GenericVariableElement" module="Ft.Xml.Xslt.GenericVariable"/>
        <base name="XsltElement" module="Ft.Xml.Xslt.StylesheetTree"/>
        <base name="XsltNode" module="Ft.Xml.Xslt.StylesheetTree"/>
      </method-resolution-order>
      <inherited-methods documented="yes" class="GenericVariableElement" module="Ft.Xml.Xslt.GenericVariable">
        <member-reference name="instantiate" public="yes"/>
        <member-reference name="setup" public="yes"/>
      </inherited-methods>
      <inherited-members documented="yes" class="GenericVariableElement" module="Ft.Xml.Xslt.GenericVariable">
        <member-reference name="category" public="yes"/>
        <member-reference name="content" public="yes"/>
        <member-reference name="doesSetup" public="yes"/>
        <member-reference name="legalAttrs" public="yes"/>
      </inherited-members>
      <inherited-methods documented="yes" class="XsltElement" module="Ft.Xml.Xslt.StylesheetTree">
        <member-reference name="__init__" public="no"/>
        <member-reference name="__str__" public="no"/>
        <member-reference name="appendChild" public="yes"/>
        <member-reference name="expandQName" public="yes"/>
        <member-reference name="insertChild" public="yes"/>
        <member-reference name="parseAVT" public="yes"/>
        <member-reference name="parseExpression" public="yes"/>
        <member-reference name="parsePattern" public="yes"/>
        <member-reference name="processChildren" public="yes"/>
        <member-reference name="splitQName" public="yes"/>
      </inherited-methods>
      <inherited-members documented="yes" class="XsltElement" module="Ft.Xml.Xslt.StylesheetTree">
        <member-reference name="validator" public="yes"/>
      </inherited-members>
      <inherited-methods documented="yes" class="XsltNode" module="Ft.Xml.Xslt.StylesheetTree">
        <member-reference name="idle" public="yes"/>
        <member-reference name="isLastChild" public="yes"/>
        <member-reference name="isPseudoNode" public="yes"/>
        <member-reference name="pprint" public="yes"/>
        <member-reference name="prime" public="yes"/>
      </inherited-methods>
      <inherited-members documented="yes" class="XsltNode" module="Ft.Xml.Xslt.StylesheetTree">
        <member-reference name="attributes" public="yes"/>
        <member-reference name="baseUri" public="yes"/>
        <member-reference name="children" public="yes"/>
        <member-reference name="columnNumber" public="yes"/>
        <member-reference name="doesIdle" public="yes"/>
        <member-reference name="doesPrime" public="yes"/>
        <member-reference name="expandedName" public="yes"/>
        <member-reference name="importIndex" public="yes"/>
        <member-reference name="lineNumber" public="yes"/>
        <member-reference name="nodeName" public="yes"/>
        <member-reference name="parent" public="yes"/>
        <member-reference name="root" public="yes"/>
      </inherited-members>
    </class>
  </classes>
</module>
