<?xml version="1.0" encoding="iso-8859-1"?>
<module name="Ft.Xml._4xml">
  <modification-date>2006-10-16 15:52:38</modification-date>
  <abstract>Implementation of '4xml' command
(functions defined here are used by the Ft.Lib.CommandLine framework)</abstract>
  <description>Copyright 2006 Fourthought, Inc. (USA).
Detailed license and copyright information: http://4suite.org/COPYRIGHT
Project home, documentation, distributions: http://4suite.org/</description>
  <classes>
    <class name="XmlCommandLineApp" public="yes">
      <bases>
        <base documented="yes" class="CommandLineApp" module="Ft.Lib.CommandLine.CommandLineApp"/>
      </bases>
      <abstract/>
      <description/>
      <method-resolution-order>
        <base name="XmlCommandLineApp" module="Ft.Xml._4xml"/>
        <base name="CommandLineApp" module="Ft.Lib.CommandLine.CommandLineApp"/>
        <base name="Command" module="Ft.Lib.CommandLine.Command"/>
      </method-resolution-order>
      <methods name="Command" module="Ft.Lib.CommandLine.Command">
        <method public="yes" name="run" id="XmlCommandLineApp-run">
          <abstract/>
          <description/>
          <arguments>
            <arg name="self"/>
            <arg name="options"/>
            <arg name="arguments"/>
          </arguments>
          <overrides documented="yes" class="CommandLineApp" module="Ft.Lib.CommandLine.CommandLineApp"/>
        </method>
        <method public="yes" name="validate_arguments" id="XmlCommandLineApp-validate_arguments">
          <abstract/>
          <description/>
          <arguments>
            <arg name="self"/>
            <arg name="args"/>
          </arguments>
          <overrides documented="yes" class="CommandLineApp" module="Ft.Lib.CommandLine.CommandLineApp"/>
        </method>
      </methods>
      <members name="Command" module="Ft.Lib.CommandLine.Command">
        <member public="yes" name="arguments" id="XmlCommandLineApp-arguments">
          <value>[&lt;Ft.Lib.CommandLine.Arguments.RequiredArgument instance&gt;]</value>
        </member>
        <member public="yes" name="description" id="XmlCommandLineApp-description">
          <value>'4XML command-line application'</value>
        </member>
        <member public="yes" name="name" id="XmlCommandLineApp-name">
          <value>'4xml'</value>
        </member>
        <member public="yes" name="options" id="XmlCommandLineApp-options">
          <value>[[--validate], [--encoding=&lt;ENC&gt;], [--input-encoding=&lt;ENC&gt;], [--outfile=&lt;FILE&gt;], [--pretty], [--noserialize], [--html], [--noxinclude], [--rng=&lt;FILE&gt;]]</value>
        </member>
        <member public="yes" name="project_name" id="XmlCommandLineApp-project_name">
          <value>'4Suite-XML'</value>
        </member>
        <member public="yes" name="project_url" id="XmlCommandLineApp-project_url">
          <value>'http://4suite.org/'</value>
        </member>
        <member public="yes" name="project_version" id="XmlCommandLineApp-project_version">
          <value>'1.0rc5'</value>
        </member>
        <member public="yes" name="summary" id="XmlCommandLineApp-summary">
          <value>'command-line tool for working with XML documents'</value>
        </member>
      </members>
      <inherited-methods documented="yes" class="CommandLineApp" module="Ft.Lib.CommandLine.CommandLineApp">
        <member-reference name="__init__" public="no"/>
        <member-reference name="gen_command_tree" public="yes"/>
        <member-reference name="gen_usage" public="yes"/>
        <member-reference name="get_help_doc_info" public="yes"/>
        <member-reference name="main" public="yes"/>
        <member-reference name="parse_command_line" public="yes"/>
        <member-reference name="run_commands" public="yes"/>
        <member-reference name="validate_options" public="yes"/>
      </inherited-methods>
      <inherited-members documented="yes" class="CommandLineApp" module="Ft.Lib.CommandLine.CommandLineApp">
        <member-reference name="commands" public="yes"/>
        <member-reference name="example" public="yes"/>
        <member-reference name="global_options" public="yes"/>
      </inherited-members>
      <inherited-methods documented="yes" class="Command" module="Ft.Lib.CommandLine.Command">
        <member-reference name="break_parent_relationship" public="yes"/>
        <member-reference name="build_parent_relationship" public="yes"/>
        <member-reference name="flatten_command_tree" public="yes"/>
      </inherited-methods>
    </class>
  </classes>
  <functions>
    <function public="yes" name="Run" id="Run">
      <abstract/>
      <description/>
      <arguments>
        <arg name="options"/>
        <arg name="args"/>
      </arguments>
    </function>
  </functions>
</module>
