<?xml version="1.0" encoding="iso-8859-1"?>
<module name="Ft.Xml.Xslt.WhitespaceElements">
  <modification-date>2001-12-27 13:25:58</modification-date>
  <abstract/>
  <description/>
  <classes>
    <class name="PreserveSpaceElement" public="yes">
      <bases>
        <base documented="yes" class="WhitespaceElement" module="Ft.Xml.Xslt.WhitespaceElements"/>
      </bases>
      <abstract/>
      <description/>
      <method-resolution-order>
        <base name="PreserveSpaceElement" module="Ft.Xml.Xslt.WhitespaceElements"/>
        <base name="WhitespaceElement" module="Ft.Xml.Xslt.WhitespaceElements"/>
        <base name="XsltElement" module="Ft.Xml.Xslt.StylesheetTree"/>
        <base name="XsltNode" module="Ft.Xml.Xslt.StylesheetTree"/>
      </method-resolution-order>
      <inherited-methods documented="yes" class="WhitespaceElement" module="Ft.Xml.Xslt.WhitespaceElements">
        <member-reference name="getWhitespaceInfo" public="yes"/>
      </inherited-methods>
      <inherited-members documented="yes" class="WhitespaceElement" module="Ft.Xml.Xslt.WhitespaceElements">
        <member-reference name="category" public="yes"/>
        <member-reference name="content" public="yes"/>
        <member-reference name="legalAttrs" public="yes"/>
      </inherited-members>
      <inherited-methods documented="yes" class="XsltElement" module="Ft.Xml.Xslt.StylesheetTree">
        <member-reference name="__init__" public="no"/>
        <member-reference name="__str__" public="no"/>
        <member-reference name="appendChild" public="yes"/>
        <member-reference name="expandQName" public="yes"/>
        <member-reference name="insertChild" public="yes"/>
        <member-reference name="instantiate" public="yes"/>
        <member-reference name="parseAVT" public="yes"/>
        <member-reference name="parseExpression" public="yes"/>
        <member-reference name="parsePattern" public="yes"/>
        <member-reference name="processChildren" public="yes"/>
        <member-reference name="splitQName" public="yes"/>
      </inherited-methods>
      <inherited-members documented="yes" class="XsltElement" module="Ft.Xml.Xslt.StylesheetTree">
        <member-reference name="validator" public="yes"/>
      </inherited-members>
      <inherited-methods documented="yes" class="XsltNode" module="Ft.Xml.Xslt.StylesheetTree">
        <member-reference name="idle" public="yes"/>
        <member-reference name="isLastChild" public="yes"/>
        <member-reference name="isPseudoNode" public="yes"/>
        <member-reference name="pprint" public="yes"/>
        <member-reference name="prime" public="yes"/>
        <member-reference name="setup" public="yes"/>
      </inherited-methods>
      <inherited-members documented="yes" class="XsltNode" module="Ft.Xml.Xslt.StylesheetTree">
        <member-reference name="attributes" public="yes"/>
        <member-reference name="baseUri" public="yes"/>
        <member-reference name="children" public="yes"/>
        <member-reference name="columnNumber" public="yes"/>
        <member-reference name="doesIdle" public="yes"/>
        <member-reference name="doesPrime" public="yes"/>
        <member-reference name="doesSetup" public="yes"/>
        <member-reference name="expandedName" public="yes"/>
        <member-reference name="importIndex" public="yes"/>
        <member-reference name="lineNumber" public="yes"/>
        <member-reference name="nodeName" public="yes"/>
        <member-reference name="parent" public="yes"/>
        <member-reference name="root" public="yes"/>
      </inherited-members>
    </class>
    <class name="StripSpaceElement" public="yes">
      <bases>
        <base documented="yes" class="WhitespaceElement" module="Ft.Xml.Xslt.WhitespaceElements"/>
      </bases>
      <abstract/>
      <description/>
      <method-resolution-order>
        <base name="StripSpaceElement" module="Ft.Xml.Xslt.WhitespaceElements"/>
        <base name="WhitespaceElement" module="Ft.Xml.Xslt.WhitespaceElements"/>
        <base name="XsltElement" module="Ft.Xml.Xslt.StylesheetTree"/>
        <base name="XsltNode" module="Ft.Xml.Xslt.StylesheetTree"/>
      </method-resolution-order>
      <inherited-methods documented="yes" class="WhitespaceElement" module="Ft.Xml.Xslt.WhitespaceElements">
        <member-reference name="getWhitespaceInfo" public="yes"/>
      </inherited-methods>
      <inherited-members documented="yes" class="WhitespaceElement" module="Ft.Xml.Xslt.WhitespaceElements">
        <member-reference name="category" public="yes"/>
        <member-reference name="content" public="yes"/>
        <member-reference name="legalAttrs" public="yes"/>
      </inherited-members>
      <inherited-methods documented="yes" class="XsltElement" module="Ft.Xml.Xslt.StylesheetTree">
        <member-reference name="__init__" public="no"/>
        <member-reference name="__str__" public="no"/>
        <member-reference name="appendChild" public="yes"/>
        <member-reference name="expandQName" public="yes"/>
        <member-reference name="insertChild" public="yes"/>
        <member-reference name="instantiate" public="yes"/>
        <member-reference name="parseAVT" public="yes"/>
        <member-reference name="parseExpression" public="yes"/>
        <member-reference name="parsePattern" public="yes"/>
        <member-reference name="processChildren" public="yes"/>
        <member-reference name="splitQName" public="yes"/>
      </inherited-methods>
      <inherited-members documented="yes" class="XsltElement" module="Ft.Xml.Xslt.StylesheetTree">
        <member-reference name="validator" public="yes"/>
      </inherited-members>
      <inherited-methods documented="yes" class="XsltNode" module="Ft.Xml.Xslt.StylesheetTree">
        <member-reference name="idle" public="yes"/>
        <member-reference name="isLastChild" public="yes"/>
        <member-reference name="isPseudoNode" public="yes"/>
        <member-reference name="pprint" public="yes"/>
        <member-reference name="prime" public="yes"/>
        <member-reference name="setup" public="yes"/>
      </inherited-methods>
      <inherited-members documented="yes" class="XsltNode" module="Ft.Xml.Xslt.StylesheetTree">
        <member-reference name="attributes" public="yes"/>
        <member-reference name="baseUri" public="yes"/>
        <member-reference name="children" public="yes"/>
        <member-reference name="columnNumber" public="yes"/>
        <member-reference name="doesIdle" public="yes"/>
        <member-reference name="doesPrime" public="yes"/>
        <member-reference name="doesSetup" public="yes"/>
        <member-reference name="expandedName" public="yes"/>
        <member-reference name="importIndex" public="yes"/>
        <member-reference name="lineNumber" public="yes"/>
        <member-reference name="nodeName" public="yes"/>
        <member-reference name="parent" public="yes"/>
        <member-reference name="root" public="yes"/>
      </inherited-members>
    </class>
    <class name="WhitespaceElement" public="yes">
      <bases>
        <base documented="yes" class="XsltElement" module="Ft.Xml.Xslt.StylesheetTree"/>
      </bases>
      <abstract/>
      <description/>
      <method-resolution-order>
        <base name="WhitespaceElement" module="Ft.Xml.Xslt.WhitespaceElements"/>
        <base name="XsltElement" module="Ft.Xml.Xslt.StylesheetTree"/>
        <base name="XsltNode" module="Ft.Xml.Xslt.StylesheetTree"/>
      </method-resolution-order>
      <methods name="XsltNode" module="Ft.Xml.Xslt.StylesheetTree">
        <method public="yes" name="getWhitespaceInfo" id="WhitespaceElement-getWhitespaceInfo">
          <abstract/>
          <description/>
          <arguments>
            <arg name="self"/>
          </arguments>
        </method>
      </methods>
      <members name="XsltNode" module="Ft.Xml.Xslt.StylesheetTree">
        <member public="yes" name="category" id="WhitespaceElement-category">
          <value>1</value>
        </member>
        <member public="yes" name="content" id="WhitespaceElement-content">
          <value>&lt;Ft.Xml.Xslt.ContentInfo.Atom instance&gt;</value>
        </member>
        <member public="yes" name="legalAttrs" id="WhitespaceElement-legalAttrs">
          <value>{'elements': &lt;Ft.Xml.Xslt.AttributeInfo.Tokens instance&gt;}</value>
        </member>
      </members>
      <inherited-methods documented="yes" class="XsltElement" module="Ft.Xml.Xslt.StylesheetTree">
        <member-reference name="__init__" public="no"/>
        <member-reference name="__str__" public="no"/>
        <member-reference name="appendChild" public="yes"/>
        <member-reference name="expandQName" public="yes"/>
        <member-reference name="insertChild" public="yes"/>
        <member-reference name="instantiate" public="yes"/>
        <member-reference name="parseAVT" public="yes"/>
        <member-reference name="parseExpression" public="yes"/>
        <member-reference name="parsePattern" public="yes"/>
        <member-reference name="processChildren" public="yes"/>
        <member-reference name="splitQName" public="yes"/>
      </inherited-methods>
      <inherited-members documented="yes" class="XsltElement" module="Ft.Xml.Xslt.StylesheetTree">
        <member-reference name="validator" public="yes"/>
      </inherited-members>
      <inherited-methods documented="yes" class="XsltNode" module="Ft.Xml.Xslt.StylesheetTree">
        <member-reference name="idle" public="yes"/>
        <member-reference name="isLastChild" public="yes"/>
        <member-reference name="isPseudoNode" public="yes"/>
        <member-reference name="pprint" public="yes"/>
        <member-reference name="prime" public="yes"/>
        <member-reference name="setup" public="yes"/>
      </inherited-methods>
      <inherited-members documented="yes" class="XsltNode" module="Ft.Xml.Xslt.StylesheetTree">
        <member-reference name="attributes" public="yes"/>
        <member-reference name="baseUri" public="yes"/>
        <member-reference name="children" public="yes"/>
        <member-reference name="columnNumber" public="yes"/>
        <member-reference name="doesIdle" public="yes"/>
        <member-reference name="doesPrime" public="yes"/>
        <member-reference name="doesSetup" public="yes"/>
        <member-reference name="expandedName" public="yes"/>
        <member-reference name="importIndex" public="yes"/>
        <member-reference name="lineNumber" public="yes"/>
        <member-reference name="nodeName" public="yes"/>
        <member-reference name="parent" public="yes"/>
        <member-reference name="root" public="yes"/>
      </inherited-members>
    </class>
  </classes>
  <globals>
    <global public="yes" name="XSL_NAMESPACE" id="XSL_NAMESPACE">
      <value>u'http://www.w3.org/1999/XSL/Transform'</value>
    </global>
  </globals>
</module>
