<?xml version="1.0" encoding="iso-8859-1"?>
<module name="Ft.Xml.Xslt.Debugger">
  <modification-date>2001-09-15 15:28:41</modification-date>
  <abstract/>
  <description/>
  <modules>
    <module-reference public="yes" documented="yes" name="DebugCommands" realname="Ft.Xml.Xslt.Debugger.DebugCommands">
      <abstract/>
      <description/>
    </module-reference>
    <module-reference public="yes" documented="yes" name="DebugController" realname="Ft.Xml.Xslt.Debugger.DebugController">
      <abstract/>
      <description/>
    </module-reference>
    <module-reference public="yes" documented="yes" name="DebugWriter" realname="Ft.Xml.Xslt.Debugger.DebugWriter">
      <abstract/>
      <description/>
    </module-reference>
    <module-reference public="yes" documented="yes" name="TerminalInput" realname="Ft.Xml.Xslt.Debugger.TerminalInput">
      <abstract/>
      <description/>
    </module-reference>
    <module-reference public="yes" documented="yes" name="TerminalOutput" realname="Ft.Xml.Xslt.Debugger.TerminalOutput">
      <abstract>Output handler to route debugger messages to a terminal</abstract>
      <description>Copyright 2004 Fourthought, Inc. (USA).
Detailed license and copyright information: http://4suite.org/COPYRIGHT
Project home, documentation, distributions: http://4suite.org/</description>
    </module-reference>
  </modules>
  <globals>
    <global public="no" name="__revision__" id="__revision__">
      <value>'$Id: __init__.py,v 1.1 2001/09/15 21:28:41 molson Exp $'</value>
    </global>
  </globals>
</module>
