<?xml version="1.0" encoding="iso-8859-1"?>
<module name="Ft.Xml.Xslt.HtmlWriter">
  <modification-date>2005-04-18 16:47:00</modification-date>
  <abstract>HTML writer for XSLT processor output</abstract>
  <description>Copyright 2005 Fourthought, Inc. (USA).
Detailed license and copyright information: http://4suite.org/COPYRIGHT
Project home, documentation, distributions: http://4suite.org/</description>
  <classes>
    <class name="HtmlWriter" public="yes">
      <bases>
        <base documented="yes" class="XmlWriter" module="Ft.Xml.Xslt.XmlWriter"/>
      </bases>
      <abstract>Takes events such as those generated by an XSLT processor and
invokes a serializer to produce HTML. Uses XML syntax for
elements in a non-empty namespace. Instructs the serializer to
insert a Content-Type 'meta' element in the first 'head' element.</abstract>
      <description/>
      <method-resolution-order>
        <base name="HtmlWriter" module="Ft.Xml.Xslt.HtmlWriter"/>
        <base name="XmlWriter" module="Ft.Xml.Xslt.XmlWriter"/>
        <base name="NullWriter" module="Ft.Xml.Xslt.NullWriter"/>
      </method-resolution-order>
      <methods name="NullWriter" module="Ft.Xml.Xslt.NullWriter">
        <method public="yes" name="startDocument" id="HtmlWriter-startDocument">
          <abstract/>
          <description/>
          <arguments>
            <arg name="self"/>
          </arguments>
          <overrides documented="yes" class="XmlWriter" module="Ft.Xml.Xslt.XmlWriter"/>
        </method>
      </methods>
      <inherited-methods documented="yes" class="XmlWriter" module="Ft.Xml.Xslt.XmlWriter">
        <member-reference name="__init__" public="no"/>
        <member-reference name="attribute" public="yes"/>
        <member-reference name="changePrefix" public="yes"/>
        <member-reference name="comment" public="yes"/>
        <member-reference name="endDocument" public="yes"/>
        <member-reference name="endElement" public="yes"/>
        <member-reference name="getStream" public="yes"/>
        <member-reference name="matchesGeneratedPrefix" public="yes"/>
        <member-reference name="namespace" public="yes"/>
        <member-reference name="processingInstruction" public="yes"/>
        <member-reference name="startElement" public="yes"/>
        <member-reference name="text" public="yes"/>
      </inherited-methods>
      <inherited-members documented="yes" class="XmlWriter" module="Ft.Xml.Xslt.XmlWriter">
        <member-reference name="GENERATED_PREFIX" public="yes"/>
      </inherited-members>
      <inherited-methods documented="yes" class="NullWriter" module="Ft.Xml.Xslt.NullWriter">
        <member-reference name="copyNodes" public="yes"/>
        <member-reference name="getMediaType" public="yes"/>
        <member-reference name="getResult" public="yes"/>
      </inherited-methods>
    </class>
  </classes>
  <globals>
    <global public="yes" name="EMPTY_NAMESPACE" id="EMPTY_NAMESPACE">
      <value>None</value>
    </global>
  </globals>
</module>
