<?xml version="1.0" encoding="iso-8859-1"?>
<module name="Ft.Xml.Xslt.StringWriter">
  <modification-date>2005-04-18 16:47:00</modification-date>
  <abstract>A specialized XSLT output writer that only captures text output events</abstract>
  <description>Copyright 2005 Fourthought, Inc. (USA).
Detailed license and copyright information: http://4suite.org/COPYRIGHT
Project home, documentation, distributions: http://4suite.org/</description>
  <classes>
    <class name="StringWriter" public="yes">
      <bases>
        <base documented="yes" class="NullWriter" module="Ft.Xml.Xslt.NullWriter"/>
      </bases>
      <abstract/>
      <description/>
      <method-resolution-order>
        <base name="StringWriter" module="Ft.Xml.Xslt.StringWriter"/>
        <base name="NullWriter" module="Ft.Xml.Xslt.NullWriter"/>
      </method-resolution-order>
      <methods name="NullWriter" module="Ft.Xml.Xslt.NullWriter">
        <method public="no" name="__init__" id="StringWriter-__init__">
          <abstract/>
          <description/>
          <arguments>
            <arg name="self"/>
            <arg name="outputParams"/>
          </arguments>
          <overrides documented="yes" class="NullWriter" module="Ft.Xml.Xslt.NullWriter"/>
        </method>
        <method public="yes" name="attribute" id="StringWriter-attribute">
          <abstract/>
          <description/>
          <arguments>
            <arg name="self"/>
            <arg name="name"/>
            <arg name="value"/>
            <arg default="None" name="namespace"/>
          </arguments>
          <overrides documented="yes" class="NullWriter" module="Ft.Xml.Xslt.NullWriter"/>
        </method>
        <method public="yes" name="comment" id="StringWriter-comment">
          <abstract/>
          <description/>
          <arguments>
            <arg name="self"/>
            <arg name="body"/>
          </arguments>
          <overrides documented="yes" class="NullWriter" module="Ft.Xml.Xslt.NullWriter"/>
        </method>
        <method public="yes" name="endElement" id="StringWriter-endElement">
          <abstract/>
          <description/>
          <arguments>
            <arg name="self"/>
            <arg name="name"/>
            <arg default="None" name="namespace"/>
          </arguments>
          <overrides documented="yes" class="NullWriter" module="Ft.Xml.Xslt.NullWriter"/>
        </method>
        <method public="yes" name="getResult" id="StringWriter-getResult">
          <abstract/>
          <description/>
          <arguments>
            <arg name="self"/>
          </arguments>
          <overrides documented="yes" class="NullWriter" module="Ft.Xml.Xslt.NullWriter"/>
        </method>
        <method public="yes" name="processingInstruction" id="StringWriter-processingInstruction">
          <abstract/>
          <description/>
          <arguments>
            <arg name="self"/>
            <arg name="target"/>
            <arg name="data"/>
          </arguments>
          <overrides documented="yes" class="NullWriter" module="Ft.Xml.Xslt.NullWriter"/>
        </method>
        <method public="yes" name="startElement" id="StringWriter-startElement">
          <abstract/>
          <description/>
          <arguments>
            <arg name="self"/>
            <arg name="name"/>
            <arg default="None" name="namespace"/>
            <arg default="None" name="extraNss"/>
          </arguments>
          <overrides documented="yes" class="NullWriter" module="Ft.Xml.Xslt.NullWriter"/>
        </method>
        <method public="yes" name="text" id="StringWriter-text">
          <abstract/>
          <description/>
          <arguments>
            <arg name="self"/>
            <arg name="text"/>
            <arg default="True" name="escapeOutput"/>
          </arguments>
          <overrides documented="yes" class="NullWriter" module="Ft.Xml.Xslt.NullWriter"/>
        </method>
      </methods>
      <inherited-methods documented="yes" class="NullWriter" module="Ft.Xml.Xslt.NullWriter">
        <member-reference name="copyNodes" public="yes"/>
        <member-reference name="endDocument" public="yes"/>
        <member-reference name="getMediaType" public="yes"/>
        <member-reference name="getStream" public="yes"/>
        <member-reference name="namespace" public="yes"/>
        <member-reference name="startDocument" public="yes"/>
      </inherited-methods>
    </class>
  </classes>
</module>
