<?xml version="1.0" encoding="iso-8859-1"?>
<module name="Ft.Xml.Lib._4xupdate">
  <modification-date>2006-12-01 12:22:45</modification-date>
  <abstract>Implementation of '4xupdate' command
(functions defined here are used by the Ft.Lib.CommandLine framework)</abstract>
  <description>Copyright 2006 Fourthought, Inc. (USA).
Detailed license and copyright information: http://4suite.org/COPYRIGHT
Project home, documentation, distributions: http://4suite.org/</description>
  <classes>
    <class name="XUpdateCommandLineApp" public="yes">
      <bases>
        <base documented="yes" class="CommandLineApp" module="Ft.Lib.CommandLine.CommandLineApp"/>
      </bases>
      <abstract/>
      <description/>
      <method-resolution-order>
        <base name="XUpdateCommandLineApp" module="Ft.Xml.Lib._4xupdate"/>
        <base name="CommandLineApp" module="Ft.Lib.CommandLine.CommandLineApp"/>
        <base name="Command" module="Ft.Lib.CommandLine.Command"/>
      </method-resolution-order>
      <methods name="Command" module="Ft.Lib.CommandLine.Command">
        <method public="yes" name="run" id="XUpdateCommandLineApp-run">
          <abstract/>
          <description/>
          <arguments>
            <arg name="self"/>
            <arg name="options"/>
            <arg name="arguments"/>
          </arguments>
          <overrides documented="yes" class="CommandLineApp" module="Ft.Lib.CommandLine.CommandLineApp"/>
        </method>
        <method public="yes" name="validate_arguments" id="XUpdateCommandLineApp-validate_arguments">
          <abstract/>
          <description/>
          <arguments>
            <arg name="self"/>
            <arg name="args"/>
          </arguments>
          <overrides documented="yes" class="CommandLineApp" module="Ft.Lib.CommandLine.CommandLineApp"/>
        </method>
      </methods>
      <members name="Command" module="Ft.Lib.CommandLine.Command">
        <member public="yes" name="arguments" id="XUpdateCommandLineApp-arguments">
          <value>[&lt;Ft.Lib.CommandLine.Arguments.RequiredArgument instance at 0xb76304ac&gt;, &lt;Ft.Lib.CommandLine.Arguments.RequiredArgument instance at 0xb763050c&gt;]</value>
        </member>
        <member public="yes" name="description" id="XUpdateCommandLineApp-description">
          <value>'4XUpdate command-line application'</value>
        </member>
        <member public="yes" name="name" id="XUpdateCommandLineApp-name">
          <value>'4xupdate'</value>
        </member>
        <member public="yes" name="options" id="XUpdateCommandLineApp-options">
          <value>[[--outfile=&lt;FILE&gt;]]</value>
        </member>
        <member public="yes" name="project_name" id="XUpdateCommandLineApp-project_name">
          <value>'4Suite-XML'</value>
        </member>
        <member public="yes" name="project_url" id="XUpdateCommandLineApp-project_url">
          <value>'http://4suite.org/'</value>
        </member>
        <member public="yes" name="project_version" id="XUpdateCommandLineApp-project_version">
          <value>'1.0.1'</value>
        </member>
        <member public="yes" name="summary" id="XUpdateCommandLineApp-summary">
          <value>'command-line tool for performing XUpdates on XML documents'</value>
        </member>
      </members>
      <inherited-methods documented="yes" class="CommandLineApp" module="Ft.Lib.CommandLine.CommandLineApp">
        <member-reference name="__init__" public="no"/>
        <member-reference name="gen_command_tree" public="yes"/>
        <member-reference name="gen_usage" public="yes"/>
        <member-reference name="get_help_doc_info" public="yes"/>
        <member-reference name="main" public="yes"/>
        <member-reference name="parse_command_line" public="yes"/>
        <member-reference name="run_commands" public="yes"/>
        <member-reference name="validate_options" public="yes"/>
      </inherited-methods>
      <inherited-members documented="yes" class="CommandLineApp" module="Ft.Lib.CommandLine.CommandLineApp">
        <member-reference name="commands" public="yes"/>
        <member-reference name="example" public="yes"/>
        <member-reference name="global_options" public="yes"/>
      </inherited-members>
      <inherited-methods documented="yes" class="Command" module="Ft.Lib.CommandLine.Command">
        <member-reference name="break_parent_relationship" public="yes"/>
        <member-reference name="build_parent_relationship" public="yes"/>
        <member-reference name="flatten_command_tree" public="yes"/>
      </inherited-methods>
    </class>
  </classes>
  <functions>
    <function public="yes" name="Run" id="Run">
      <abstract/>
      <description/>
      <arguments>
        <arg name="options"/>
        <arg name="args"/>
      </arguments>
    </function>
  </functions>
  <globals>
    <global public="yes" name="DefaultFactory" id="DefaultFactory">
      <value>&lt;Ft.Xml.InputSource.InputSourceFactory instance at 0xb76a65ec&gt;</value>
    </global>
  </globals>
</module>
