<?xml version="1.0" encoding="iso-8859-1"?>
<module name="Ft.Xml.XPath.ParsedAbsoluteLocationPath">
  <modification-date>2003-01-18 22:08:29</modification-date>
  <abstract>A Parsed Token that represents a absolute location path in the parsed tree.
WWW: http://4suite.org/XPATH        e-mail: support@4suite.org</abstract>
  <description>Copyright (c) 2000-2001 Fourthought Inc, USA.   All Rights Reserved.
See  http://4suite.org/COPYRIGHT  for license and copyright information</description>
  <classes>
    <class name="ParsedAbsoluteLocationPath" public="yes">
      <abstract/>
      <description/>
      <method-resolution-order>
        <base name="ParsedAbsoluteLocationPath" module="Ft.Xml.XPath.ParsedAbsoluteLocationPath"/>
      </method-resolution-order>
      <methods name="ParsedAbsoluteLocationPath" module="Ft.Xml.XPath.ParsedAbsoluteLocationPath">
        <method public="no" name="__init__" id="ParsedAbsoluteLocationPath-__init__">
          <abstract/>
          <description/>
          <arguments>
            <arg name="self"/>
            <arg name="child"/>
          </arguments>
        </method>
        <method public="no" name="__repr__" id="ParsedAbsoluteLocationPath-__repr__">
          <abstract/>
          <description/>
          <arguments>
            <arg name="self"/>
          </arguments>
        </method>
        <method public="no" name="__str__" id="ParsedAbsoluteLocationPath-__str__">
          <abstract/>
          <description/>
          <arguments>
            <arg name="self"/>
          </arguments>
        </method>
        <method public="yes" name="evaluate" id="ParsedAbsoluteLocationPath-evaluate">
          <abstract/>
          <description/>
          <arguments>
            <arg name="self"/>
            <arg name="context"/>
          </arguments>
        </method>
        <method public="yes" name="pprint" id="ParsedAbsoluteLocationPath-pprint">
          <abstract/>
          <description/>
          <arguments>
            <arg name="self"/>
            <arg default="''" name="indent"/>
          </arguments>
        </method>
        <method public="yes" realid="ParsedAbsoluteLocationPath-evaluate" name="select" realname="evaluate" id="ParsedAbsoluteLocationPath-select">
          <abstract/>
          <description/>
          <arguments>
            <arg name="self"/>
            <arg name="context"/>
          </arguments>
        </method>
      </methods>
    </class>
  </classes>
</module>
