<?xml version="1.0" encoding="iso-8859-1"?>
<module name="Ft.Xml.ThirdParty.Xvif.characters">
  <modification-date>2003-12-07 15:45:34</modification-date>
  <abstract># This file was generated using xmlchargen.py</abstract>
  <description/>
  <functions>
    <function public="yes" name="re_BaseChar" id="re_BaseChar">
      <abstract/>
      <description/>
      <arguments>
      </arguments>
    </function>
    <function public="yes" name="re_CombiningChar" id="re_CombiningChar">
      <abstract/>
      <description/>
      <arguments>
      </arguments>
    </function>
    <function public="yes" name="re_Digit" id="re_Digit">
      <abstract/>
      <description/>
      <arguments>
      </arguments>
    </function>
    <function public="yes" name="re_Extender" id="re_Extender">
      <abstract/>
      <description/>
      <arguments>
      </arguments>
    </function>
    <function public="yes" name="re_FirstNCNameChar" id="re_FirstNCNameChar">
      <abstract/>
      <description/>
      <arguments>
      </arguments>
    </function>
    <function public="yes" name="re_Ideographic" id="re_Ideographic">
      <abstract/>
      <description/>
      <arguments>
      </arguments>
    </function>
    <function public="yes" name="re_Letter" id="re_Letter">
      <abstract/>
      <description/>
      <arguments>
      </arguments>
    </function>
    <function public="yes" name="re_NCName" id="re_NCName">
      <abstract/>
      <description/>
      <arguments>
      </arguments>
    </function>
    <function public="yes" name="re_NCNameChar" id="re_NCNameChar">
      <abstract/>
      <description/>
      <arguments>
      </arguments>
    </function>
    <function public="yes" name="re_Name" id="re_Name">
      <abstract/>
      <description/>
      <arguments>
      </arguments>
    </function>
    <function public="yes" name="re_NameChar" id="re_NameChar">
      <abstract/>
      <description/>
      <arguments>
      </arguments>
    </function>
    <function public="yes" name="re_Names" id="re_Names">
      <abstract/>
      <description/>
      <arguments>
      </arguments>
    </function>
    <function public="yes" name="re_Nmtoken" id="re_Nmtoken">
      <abstract/>
      <description/>
      <arguments>
      </arguments>
    </function>
    <function public="yes" name="re_Nmtokens" id="re_Nmtokens">
      <abstract/>
      <description/>
      <arguments>
      </arguments>
    </function>
  </functions>
  <globals>
    <global public="yes" name="BaseChar" id="BaseChar">
      <value>u'[A-Za-z\xc0-\xd6\xd8-\xf6\xf8-\xff\u0100-\u0131\u0134-\u013e\u0141-\u0148\u014a-\u017e\u0180-\u01c3\u01cd-\u01f0\u01f4-\u01f5\u01fa-\u0217\u0250-\u02a8\u02bb-\u02c1\u0386\u0388...\u1f80-\u1fb4\u1fb6-\u1fbc\u1fbe\u1fc2-\u1fc4\u1fc6-\u1fcc\u1fd0-\u1fd3\u1fd6-\u1fdb\u1fe0-\u1fec\u1ff2-\u1ff4\u1ff6-\u1ffc\u2126\u212a-\u212b\u212e\u2180-\u2182\u3041-\u3094\u30a1-\u30fa\u3105-\u312c\uac00-\ud7a3]'</value>
    </global>
    <global public="yes" name="CombiningChar" id="CombiningChar">
      <value>u'[\u0300-\u0345\u0360-\u0361\u0483-\u0486\u0591-\u05a1\u05a3-\u05b9\u05bb-\u05bd\u05bf\u05c1-\u05c2\u05c4\u064b-\u0652\u0670\u06d6-\u06dc\u06dd-\u06df\u06e0-\u06e4\u06e7-\u06e8\u06ea-\u06ed\u0901-\u0903\u093c\u093e...\u0e3a\u0e47-\u0e4e\u0eb1\u0eb4-\u0eb9\u0ebb-\u0ebc\u0ec8-\u0ecd\u0f18-\u0f19\u0f35\u0f37\u0f39\u0f3e\u0f3f\u0f71-\u0f84\u0f86-\u0f8b\u0f90-\u0f95\u0f97\u0f99-\u0fad\u0fb1-\u0fb7\u0fb9\u20d0-\u20dc\u20e1\u302a-\u302f\u3099\u309a]'</value>
    </global>
    <global public="yes" name="Digit" id="Digit">
      <value>u'[0-9\u0660-\u0669\u06f0-\u06f9\u0966-\u096f\u09e6-\u09ef\u0a66-\u0a6f\u0ae6-\u0aef\u0b66-\u0b6f\u0be7-\u0bef\u0c66-\u0c6f\u0ce6-\u0cef\u0d66-\u0d6f\u0e50-\u0e59\u0ed0-\u0ed9\u0f20-\u0f29]'</value>
    </global>
    <global public="yes" name="Extender" id="Extender">
      <value>u'[\xb7\u02d0\u02d1\u0387\u0640\u0e46\u0ec6\u3005\u3031-\u3035\u309d-\u309e\u30fc-\u30fe]'</value>
    </global>
    <global public="yes" name="FirstNCNameChar" id="FirstNCNameChar">
      <value>u'[A-Z_a-z\xc0-\xd6\xd8-\xf6\xf8-\u0131\u0134-\u013e\u0141-\u0148\u014a-\u017e\u0180-\u01c3\u01cd-\u01f0\u01f4-\u01f5\u01fa-\u0217\u0250-\u02a8\u02bb-\u02c1\u0386\u0388-\u038a...\u1fc2-\u1fc4\u1fc6-\u1fcc\u1fd0-\u1fd3\u1fd6-\u1fdb\u1fe0-\u1fec\u1ff2-\u1ff4\u1ff6-\u1ffc\u2126\u212a-\u212b\u212e\u2180-\u2182\u3007\u3021-\u3029\u3041-\u3094\u30a1-\u30fa\u3105-\u312c\u4e00-\u9fa5\uac00-\ud7a3]'</value>
    </global>
    <global public="yes" name="Ideographic" id="Ideographic">
      <value>u'[\u4e00-\u9fa5\u3007\u3021-\u3029]'</value>
    </global>
    <global public="yes" name="Letter" id="Letter">
      <value>u'[A-Za-z\xc0-\xd6\xd8-\xf6\xf8-\u0131\u0134-\u013e\u0141-\u0148\u014a-\u017e\u0180-\u01c3\u01cd-\u01f0\u01f4-\u01f5\u01fa-\u0217\u0250-\u02a8\u02bb-\u02c1\u0386\u0388-\u038a\u038c...\u1fc2-\u1fc4\u1fc6-\u1fcc\u1fd0-\u1fd3\u1fd6-\u1fdb\u1fe0-\u1fec\u1ff2-\u1ff4\u1ff6-\u1ffc\u2126\u212a-\u212b\u212e\u2180-\u2182\u3007\u3021-\u3029\u3041-\u3094\u30a1-\u30fa\u3105-\u312c\u4e00-\u9fa5\uac00-\ud7a3]'</value>
    </global>
    <global public="yes" name="NCName" id="NCName">
      <value>u'^[A-Z_a-z\xc0-\xd6\xd8-\xf6\xf8-\u0131\u0134-\u013e\u0141-\u0148\u014a-\u017e\u0180-\u01c3\u01cd-\u01f0\u01f4-\u01f5\u01fa-\u0217\u0250-\u02a8\u02bb-\u02c1\u0386\u0388-...-\u1ffc\u20d0-\u20dc\u20e1\u2126\u212a-\u212b\u212e\u2180-\u2182\u3005\u3007\u3021-\u302f\u3031-\u3035\u3041-\u3094\u3099-\u309a\u309d-\u309e\u30a1-\u30fa\u30fc-\u30fe\u3105-\u312c\u4e00-\u9fa5\uac00-\ud7a3]*$'</value>
    </global>
    <global public="yes" name="NCNameChar" id="NCNameChar">
      <value>u'[\\x2d-.0-9A-Z_a-z\xb7\xc0-\xd6\xd8-\xf6\xf8-\u0131\u0134-\u013e\u0141-\u0148\u014a-\u017e\u0180-\u01c3\u01cd-\u01f0\u01f4-\u01f5\u01fa-\u0217...\u1ff4\u1ff6-\u1ffc\u20d0-\u20dc\u20e1\u2126\u212a-\u212b\u212e\u2180-\u2182\u3005\u3007\u3021-\u302f\u3031-\u3035\u3041-\u3094\u3099-\u309a\u309d-\u309e\u30a1-\u30fa\u30fc-\u30fe\u3105-\u312c\u4e00-\u9fa5\uac00-\ud7a3]'</value>
    </global>
    <global public="yes" name="Name" id="Name">
      <value>u'[:A-Z_a-z\xc0-\xd6\xd8-\xf6\xf8-\u0131\u0134-\u013e\u0141-\u0148\u014a-\u017e\u0180-\u01c3\u01cd-\u01f0\u01f4-\u01f5\u01fa-\u0217\u0250-\u02a8\u02bb-\u02c1\u0386\u0388-...\u1ff6-\u1ffc\u20d0-\u20dc\u20e1\u2126\u212a-\u212b\u212e\u2180-\u2182\u3005\u3007\u3021-\u302f\u3031-\u3035\u3041-\u3094\u3099-\u309a\u309d-\u309e\u30a1-\u30fa\u30fc-\u30fe\u3105-\u312c\u4e00-\u9fa5\uac00-\ud7a3]*'</value>
    </global>
    <global public="yes" name="NameChar" id="NameChar">
      <value>u'[\\x2d-.0-:A-Z_a-z\xb7\xc0-\xd6\xd8-\xf6\xf8-\u0131\u0134-\u013e\u0141-\u0148\u014a-\u017e\u0180-\u01c3\u01cd-\u01f0\u01f4-\u01f5\u01fa-\u0217...\u1ff4\u1ff6-\u1ffc\u20d0-\u20dc\u20e1\u2126\u212a-\u212b\u212e\u2180-\u2182\u3005\u3007\u3021-\u302f\u3031-\u3035\u3041-\u3094\u3099-\u309a\u309d-\u309e\u30a1-\u30fa\u30fc-\u30fe\u3105-\u312c\u4e00-\u9fa5\uac00-\ud7a3]'</value>
    </global>
    <global public="yes" name="Names" id="Names">
      <value>u'[:A-Z_a-z\xc0-\xd6\xd8-\xf6\xf8-\u0131\u0134-\u013e\u0141-\u0148\u014a-\u017e\u0180-\u01c3\u01cd-\u01f0\u01f4-\u01f5\u01fa-\u0217\u0250-\u02a8\u02bb-\u02c1\u0386\u0388-...\u1ffc\u20d0-\u20dc\u20e1\u2126\u212a-\u212b\u212e\u2180-\u2182\u3005\u3007\u3021-\u302f\u3031-\u3035\u3041-\u3094\u3099-\u309a\u309d-\u309e\u30a1-\u30fa\u30fc-\u30fe\u3105-\u312c\u4e00-\u9fa5\uac00-\ud7a3]*)*'</value>
    </global>
    <global public="yes" name="Nmtoken" id="Nmtoken">
      <value>u'[\\x2d-.0-:A-Z_a-z\xb7\xc0-\xd6\xd8-\xf6\xf8-\u0131\u0134-\u013e\u0141-\u0148\u014a-\u017e\u0180-\u01c3\u01cd-\u01f0\u01f4-\u01f5\u01fa-\u0217...\u1ff6-\u1ffc\u20d0-\u20dc\u20e1\u2126\u212a-\u212b\u212e\u2180-\u2182\u3005\u3007\u3021-\u302f\u3031-\u3035\u3041-\u3094\u3099-\u309a\u309d-\u309e\u30a1-\u30fa\u30fc-\u30fe\u3105-\u312c\u4e00-\u9fa5\uac00-\ud7a3]+'</value>
    </global>
    <global public="yes" name="Nmtokens" id="Nmtokens">
      <value>u'[\\x2d-.0-:A-Z_a-z\xb7\xc0-\xd6\xd8-\xf6\xf8-\u0131\u0134-\u013e\u0141-\u0148\u014a-\u017e\u0180-\u01c3\u01cd-\u01f0\u01f4-\u01f5\u01fa-\u0217...\u1ffc\u20d0-\u20dc\u20e1\u2126\u212a-\u212b\u212e\u2180-\u2182\u3005\u3007\u3021-\u302f\u3031-\u3035\u3041-\u3094\u3099-\u309a\u309d-\u309e\u30a1-\u30fa\u30fc-\u30fe\u3105-\u312c\u4e00-\u9fa5\uac00-\ud7a3]+)*'</value>
    </global>
    <global public="yes" name="S" id="S">
      <value>'[\n\t \r]+'</value>
    </global>
  </globals>
</module>
